id,prenom,nom,genre,Annee_voiture,marque_voiture,latitude,longitude
1,Ingar,Gehrts,Male,2008,Ford,60.3584066,28.6307178
2,Maurene,Clutton,Female,1994,Isuzu,33.012631,110.745729
3,Melisandra,Le - Count,Female,2004,Suzuki,6.6448093,1.7198215
4,Jessey,McEwan,Male,2006,Toyota,7.9500437,125.0984645
5,Aubrie,Baudino,Female,1998,Volvo,14.657758,120.9888316
6,Davon,Janko,Male,2005,Mercedes-Benz,18.4670158,-69.8932436
7,Carree,Setterthwait,Agender,2010,Audi,23.0706415,112.4852219
8,Barby,Firle,Female,2011,Mercury,35.99,-115.09
9,Samantha,Mulmuray,Female,2002,Honda,32.935752,104.692473
10,Valerye,Conquer,Female,1997,Hyundai,6.5905816,-73.1526623
11,Salome,Putman,Female,1996,Geo,42.0595836,123.4808607
12,Fiann,Forri,Female,2000,Oldsmobile,47.880287,132.759724
13,Lutero,Landor,Male,1994,GMC,35.0107648,69.1625896
14,Amalie,Camier,Female,1999,Chevrolet,28.572029,109.482078
15,George,Airs,Female,1985,Ford,16.13422,101.04465
16,See,Tessington,Male,2010,Aston Martin,-22.9262769,-53.0888943
17,Livvyy,Shavel,Female,1996,Toyota,14.3407483,121.0650042
18,Dodie,Beine,Female,2005,BMW,-37.9779092,-57.5709382
19,Sondra,Schimank,Female,1997,Mitsubishi,59.1651981,24.7475218
20,Yankee,Boyer,Male,1997,Chevrolet,-6.1179866,106.5760857
21,Hilary,Provest,Female,2003,Ford,12.6521788,124.1145436
22,Evania,Crannell,Female,2000,Oldsmobile,49.7073884,18.7184096
23,Nell,Hendron,Female,1995,GMC,53.3527892,83.67298
24,Erskine,Ollington,Male,1993,Jaguar,53.6836301,88.0813924
25,May,Sawtell,Polygender,2006,Dodge,50.1967098,15.8068965
26,Bobine,Trubshawe,Female,2011,Nissan,50.0341272,17.5929608
27,Bren,O' Neligan,Male,2002,Lexus,-6.9277361,106.9299579
28,Barron,Bevar,Male,1994,Land Rover,39.847805,116.3998254
29,Adlai,Naire,Agender,1992,BMW,-31.6308,-71.1653
30,Leese,Gamlin,Female,2012,Honda,40.7531415,45.7400681
31,Roz,Crim,Female,1999,Daewoo,41.6920942,-70.9427914
32,Mario,Mantram,Non-binary,2005,Infiniti,-22.075317,-48.7417603
33,Kean,Sidney,Male,2001,Dodge,49.6875145,5.9122583
34,Rockwell,Pinnere,Male,1997,Acura,14.5634196,121.0307955
35,Lenore,Kenrack,Female,1993,Volkswagen,-20.2081037,57.408999
36,Glennis,Du Hamel,Female,2010,Infiniti,-37.758979,176.4495638
37,Juliane,Sanger,Female,2000,Toyota,36.4320046,127.3809362
38,Kevyn,Bilsborrow,Female,2006,Nissan,34.329567,108.706272
39,Lea,Towlson,Female,2001,Honda,60.5201867,23.2169967
40,Garrott,Antonucci,Male,1993,Mazda,-22.1007393,-50.1858252
41,Brandice,Regitz,Female,2012,Mercedes-Benz,8.93218,165.76416
42,Patricia,Pracy,Female,2012,Mitsubishi,-8.4432485,20.7301263
43,Lillian,Thurlow,Female,2004,Kia,-9.2957636,-75.997859
44,Nanete,Lehr,Female,1987,Audi,40.9522224,-8.4649248
45,Raynor,Leggatt,Male,2008,Saab,-13.54918,-71.893158
46,Kendre,Jochens,Female,2003,Cadillac,31.304274,117.924148
47,Melisenda,Willoughey,Female,2003,GMC,9.442952,-75.5509602
48,Liv,Benz,Female,1998,Mercury,-6.3660452,107.4144526
49,Jaine,Kubacek,Female,2008,Nissan,-8.4114856,116.1713917
50,Abba,Bussetti,Male,1994,Toyota,52.142598,20.7175048
51,Lucia,Brend,Female,2001,Mazda,27.630806,114.029827
52,Charleen,Amori,Female,2007,Nissan,49.929648,22.153909
53,Evin,Havick,Male,2001,Oldsmobile,22.280318,114.17162
54,Giacopo,Lucia,Male,2008,Nissan,42.223828,123.726035
55,Talyah,Teaz,Female,2003,Jeep,29.289085,111.189296
56,Liesa,Peppard,Female,1997,Toyota,33.347316,120.16366
57,Marinna,Ide,Female,2004,Pontiac,-20.9829904,-40.9990597
58,Mack,Give,Male,2011,GMC,43.3050854,68.2346884
59,Emmet,Gonnard,Male,2002,BMW,19.9699898,105.6515167
60,Riane,McGannon,Agender,2007,Mitsubishi,41.307852,-8.3648654
61,Andros,Du Fray,Male,2000,Hyundai,29.084946,-81.0644263
62,Nanon,Balch,Bigender,1999,Chevrolet,40.1686749,-7.1721914
63,Maia,Sands-Allan,Genderqueer,2005,Cadillac,40.0383706,44.5657164
64,Dagmar,Redmain,Female,2008,Lincoln,23.9910732,121.6111949
65,Floris,Giacobelli,Female,1993,Ford,-15.7874406,35.030814
66,Norman,Wegner,Male,2004,Toyota,32.751027,36.301039
67,Caryl,Dalwood,Male,1994,Volvo,48.892701,2.233089
68,Sheri,McGrale,Female,1995,Ford,15.66085,120.769358
69,Yasmeen,McCalum,Female,2008,BMW,29.763892,121.513271
70,Vail,Rosenshine,Male,2008,GMC,50.5251922,16.8791589
71,Misty,Garnson,Female,1991,Buick,13.6954096,100.5127381
72,Dix,Pitfield,Female,2008,Ford,28.2281301,112.9884237
73,Jacquetta,Wetherby,Female,2003,Dodge,36.8653194,-76.0507949
74,Lorelei,Relton,Female,1993,Mercedes-Benz,51.1434519,40.2997102
75,Elisabetta,Killik,Female,1994,Audi,-17.9646772,-67.1060353
76,Quent,Yoodall,Male,1992,Toyota,14.7342524,121.0702642
77,Adler,Raddin,Male,1993,Suzuki,-8.264058,112.9475835
78,Blaire,Jeppe,Female,1994,Ford,50.1110411,12.9988101
79,Jodee,Northern,Polygender,1992,Isuzu,29.5792603,115.9942491
80,Darcie,Spottiswood,Female,1993,Buick,-8.1448805,-79.0517936
81,Berget,Pescod,Female,2001,BMW,57.0936018,24.5424341
82,Valera,Krysiak,Female,2007,Infiniti,3.2093353,101.6716295
83,Elmo,Baudacci,Male,2003,GMC,9.9886653,122.8148975
84,Carmencita,Lazarus,Female,2001,Saturn,-7.1929741,111.7197315
85,Urbano,Plows,Male,2009,Chrysler,30.2785,109.62866
86,Oran,Sterley,Bigender,1985,Audi,69.1979686,33.4406638
87,Anthe,Nodes,Female,1996,Oldsmobile,40.73192,72.76177
88,Byram,Emblen,Male,1988,Pontiac,13.8645517,122.0680526
89,Silvio,Skillett,Male,2005,Dodge,23.6192598,-75.9695465
90,Griffith,Bullus,Male,1987,Toyota,-6.205673,106.3081194
91,Kevon,Chittem,Male,2001,Daewoo,45.8361992,16.2945325
92,Shandra,Edes,Female,1994,Volkswagen,56.0297222,37.1691666
93,Irvin,Sirmond,Male,1991,Subaru,31.2467156,121.445175
94,Devi,Grigoriev,Female,2009,Hyundai,-6.9661,111.3769
95,Moina,Effaunt,Female,1997,Honda,28.6448398,15.9699878
96,Jacquenetta,Jedrys,Female,2012,Ford,-34.007765,24.7371099
97,Cathryn,Pyrah,Female,1994,Toyota,-8.2909,123.2391
98,Georges,Ligertwood,Male,1997,Porsche,32.915513,119.697034
99,Benedikt,Gannicleff,Male,2002,Toyota,35.303704,113.926763
100,Garold,Caird,Male,2012,Kia,40.8024339,-8.5959634
101,Rem,Causer,Male,2007,Chevrolet,-7.2966,108.1264
102,Arabele,Coveley,Female,2007,Dodge,-22.9161789,-44.0389554
103,Liam,Moro,Male,2010,Lexus,44.0970463,21.4322091
104,Cullen,Shattock,Polygender,1999,Saab,44.9114638,15.9259321
105,Brook,Huyhton,Female,1990,Mazda,56.8408003,42.5992867
106,Bryna,Haquin,Female,2007,Lexus,38.777855,-27.168076
107,Viki,Tilley,Female,1995,Eagle,46.823629,-0.4928359
108,Pavel,McArd,Male,1984,Chevrolet,-10.7981117,122.9944636
109,Reba,Bentke,Female,2009,Honda,13.869601,124.3090475
110,Sada,Southern,Female,1988,Pontiac,54.6593,29.2684
111,Claretta,Guidelli,Female,2011,Chevrolet,52.0697452,18.1662713
112,Willyt,Benardette,Female,1984,Honda,14.6539775,121.0288525
113,Doretta,Gillingwater,Female,1988,Ford,26.319938,113.810157
114,Auguste,Carslaw,Female,2000,Chevrolet,25.3365669,56.3432629
115,Chrissie,Laughlin,Female,2000,Saab,8.1402266,5.0963141
116,Odele,Buckthought,Female,2007,Suzuki,-13.1562092,-72.5464495
117,Gaylor,Grix,Male,2003,Chevrolet,53.2121335,-6.1136478
118,Dennison,Longstreeth,Male,1995,Acura,38.0113874,23.6027231
119,Arel,Erskine Sandys,Male,1998,Lincoln,-30.1090924,-51.3238273
120,Karlotta,Stirley,Female,1998,Oldsmobile,32.147679,114.091192
121,Skelly,Tevelov,Male,1997,Ford,24.187566,101.14473
122,Dillon,Robins,Male,2007,Saab,-27.8846801,25.1533426
123,Francklyn,Jarley,Male,2009,Toyota,-6.5792655,106.2698669
124,Oliver,Windless,Male,2010,Ford,28.8837687,64.3855697
125,Johnathan,Inglese,Genderfluid,1997,Chevrolet,46.409427,125.4464411
126,Eugenio,Ancketill,Male,1966,Pontiac,48.8348801,2.5070548
127,Glynn,Bilby,Bigender,1994,Jeep,56.484419,84.950397
128,Anabel,Londing,Female,2006,Suzuki,40.9838888,-5.6589414
129,Ruthie,Whiff,Female,2006,Dodge,39.109563,117.223371
130,Leon,Kasting,Male,2000,Chrysler,43.6652083,23.0759947
131,Reid,De'Vere - Hunt,Male,1993,Dodge,-7.2801,108.1944
132,Kylynn,Platt,Female,2007,Toyota,8.7610161,-69.9371673
133,Scarface,Applin,Male,1994,Lincoln,25.5461164,-76.7711626
134,Katie,Castellaccio,Female,2005,Chevrolet,50.338999,30.4222341
135,Anders,McCluney,Male,2009,Land Rover,30.855065,113.734707
136,Lissi,Robberts,Female,2007,Jeep,32.990664,112.528308
137,Claiborne,Dodshun,Male,2007,Ferrari,-7.5519782,110.7867474
138,Corri,Stranger,Female,2007,BMW,40.7531415,45.7400681
139,Caryn,Orneblow,Female,2003,Lexus,25.7572143,-102.9838564
140,Renaud,Raithmill,Male,2009,Toyota,63.1110463,7.7291951
141,Ann,Ranns,Female,2007,Morgan,5.153793,-75.03631
142,Correy,Lampe,Female,1999,Chrysler,43.7713642,17.0283262
143,Mireille,Holmyard,Female,2005,Acura,29.0554502,114.1574404
144,Humphrey,Toolin,Male,2008,Dodge,27.676355,110.996803
145,Phelia,Terry,Female,2006,Chevrolet,16.8877073,101.2273373
146,Michel,Killigrew,Male,1995,Volkswagen,37.28333,21.81667
147,Clarice,Leirmonth,Female,2006,Chrysler,4.3320676,18.5166348
148,Storm,Bortolomei,Female,2011,Nissan,22.517585,113.39277
149,Cart,Polleye,Male,2001,Plymouth,8.07,134.702778
150,Andrej,Borge,Genderfluid,2011,MINI,45.2414259,20.3589241
151,Frayda,Muzzlewhite,Agender,2005,Kia,35.0211643,33.1773203
152,Preston,Trimming,Male,2007,GMC,-31.48342,19.7582
153,Alicia,Tellenbach,Genderqueer,2012,Lexus,53.21983,15.75932
154,Kerianne,Whittlesey,Polygender,2006,BMW,-29.2293516,-53.6827015
155,Selby,Postlethwaite,Male,2001,Ford,-8.3782936,123.2658133
156,Brina,Glandfield,Female,1993,Buick,-7.4580728,109.21829
157,Abagael,Hutchison,Female,2005,Subaru,-6.5277643,110.7095788
158,Lindie,Arundel,Female,1997,Acura,9.49858,50.8105261
159,Aaron,Markie,Male,2010,Volkswagen,-8.0941273,112.274168
160,Barnebas,Masey,Male,2004,Dodge,40.99629,126.54756
161,Humbert,Iacobo,Male,2001,Ford,51.11327,18.21114
162,Bax,Nagle,Genderfluid,1993,Eagle,-8.6282191,116.4636472
163,Konstanze,Brouwer,Female,1992,Audi,-7.6445,108.6451
164,Randi,Dade,Male,2007,Lincoln,-16.361238,-46.900245
165,Deni,Elsop,Female,2008,Mazda,25.606486,100.267638
166,Merci,Shute,Female,1988,Volkswagen,41.9121057,22.4068944
167,Brody,Full,Male,2001,Dodge,31.2371338,121.498955
168,Devonne,Howsego,Genderqueer,1997,Pontiac,39.442222,112.464886
169,Lisle,MacFadzean,Male,2004,Cadillac,-6.5864219,106.7441048
170,Haroun,Gilbank,Male,2012,Volvo,-7.4797342,110.2176941
171,Cody,Brewitt,Female,1988,Acura,53.768384,17.2264899
172,Abbe,Matelaitis,Male,2008,Ford,22.765392,112.964446
173,Katti,Hurdiss,Female,2008,Smart,-9.6165,124.742
174,Valentin,Tower,Male,2012,Bentley,40.5944059,-74.0711359
175,Morganne,Daldan,Female,2010,Bentley,-15.6969314,-39.4450281
176,Melany,Bailes,Female,1985,Mercury,37.9715592,-87.5710898
177,Jessie,Innott,Female,2012,Mercedes-Benz,49.6805192,19.7822663
178,Alecia,Altofts,Female,2011,Toyota,12.16219,-68.2713254
179,Sammy,Ugo,Male,1993,Ford,49.3967841,14.4813772
180,Isahella,Filyashin,Female,2010,Audi,-6.2836822,106.590819
181,Cherianne,Luckwell,Female,2012,Scion,23.084827,113.290609
182,Herbert,Cardillo,Male,2010,Acura,55.747854,37.7783839
183,Gabbey,Ligertwood,Female,1997,Lexus,31.9852068,119.5719162
184,Edvard,Dumblton,Male,1992,Ford,35.200539,26.250031
185,Meriel,Jobe,Female,1987,Mitsubishi,6.6016448,3.2737882
186,Erik,Gerger,Male,1995,Nissan,50.025483,16.2590848
187,Trudie,Antonovic,Genderfluid,2003,Mitsubishi,56.546084,13.7445655
188,Rossie,McNamee,Non-binary,2012,Lincoln,-17.0918434,-71.7711448
189,Madelyn,McGrane,Female,2008,Lexus,59.4411274,30.1610699
190,Margie,Tutton,Genderfluid,1994,Nissan,51.2688569,22.636336
191,Rubia,Romain,Female,2002,Chevrolet,10.8379491,124.0251538
192,Dion,Cirlos,Male,1989,Lexus,-0.582624,35.1901151
193,Janna,Morden,Female,2002,Chevrolet,-41.4332215,147.1440875
194,Shirley,Joseff,Female,1998,Toyota,4.8084149,96.993406
195,Allis,McRae,Female,1997,Holden,-16.025181,-73.170822
196,Aggy,Crut,Female,2002,Mitsubishi,25.941937,117.365052
197,Gill,Parminter,Female,2012,Mercedes-Benz,6.6016448,3.2737882
198,Nikola,Stowers,Male,1993,Toyota,5.554592,-73.865089
199,Fleming,Chinnock,Male,2007,Dodge,10.8698035,-73.9830029
200,Brenn,Kobke,Female,2005,Toyota,13.8195176,121.1729455
201,Antoine,Hearl,Male,2011,Chevrolet,-6.226676,106.810463
202,Boniface,Bragginton,Male,2001,Buick,43.1497943,141.2852678
203,Boonie,Trembey,Male,2009,Chevrolet,35.063892,101.818885
204,Wynne,Van der Son,Agender,1993,Lincoln,29.1374566,-80.9980687
205,Ulrick,Bickerton,Male,1996,GMC,15.2678504,-88.2892972
206,Brynne,Goodliff,Genderfluid,2011,Hyundai,-8.1450324,113.400216
207,Marion,Ambrogioli,Female,1998,Mazda,39.638035,113.737801
208,Donelle,Weldrick,Female,1994,Chevrolet,53.3687505,36.6234912
209,Letitia,Bromage,Female,2003,Volvo,32.271335,121.293439
210,Penny,Shoebridge,Male,2003,Audi,26.3098543,44.831834
211,Wendi,Sibbet,Female,1992,Mitsubishi,-6.922586,107.6060501
212,Selene,Bass,Female,1992,Mercedes-Benz,-8.2632302,113.2505612
213,Sukey,Dioniso,Female,2002,Land Rover,54.9257823,20.3700368
214,Inglebert,Whanstall,Male,2000,Plymouth,50.5774075,16.4967184
215,Kendre,Brawson,Female,2010,Volvo,32.360409,119.549352
216,Bobette,Bewly,Female,2010,Lincoln,13.6197501,25.3548713
217,Grover,Phare,Polygender,1989,Volkswagen,-4.8654138,-43.3619983
218,Basile,Warnes,Male,1990,Mercury,-8.2358977,114.9605861
219,Claudette,Tamlett,Female,1996,Mercury,31.7566264,-106.4852997
220,Fee,Priestley,Male,2011,Ram,30.7959602,120.6060568
221,Prinz,Quickenden,Male,2013,Volkswagen,-21.2525138,-48.3256762
222,Caroljean,Tabbernor,Female,1992,Chevrolet,34.014215,105.298756
223,Arthur,Tregensoe,Male,1991,Land Rover,8.157005,123.3464285
224,Aubrette,Coupar,Female,2006,Mazda,13.4008274,123.4768981
225,Berkly,Welbrock,Male,1992,Isuzu,54.6053915,40.0487656
226,Rodie,Piccop,Polygender,2012,Toyota,13.7405282,-84.7811621
227,Ax,Emmitt,Male,1994,Mercury,35.7455327,139.8831403
228,Tuesday,Shortall,Female,2011,Bentley,18.1096868,-95.8803869
229,Georgena,Levin,Female,2006,Infiniti,44.5428135,18.4767435
230,Carling,Jerzak,Genderqueer,1993,Volvo,56.6444907,14.224297
231,Abby,Aggott,Polygender,1999,Dodge,51.6553959,35.2572553
232,Parke,Canete,Male,2000,Mazda,-32.93645,-68.8733205
233,Vina,Alejo,Female,1996,Oldsmobile,55.2087523,62.0636608
234,Radcliffe,Datte,Male,1999,GMC,56.7980147,60.4890295
235,Talbert,Wanley,Male,1989,Mercury,30.6514558,104.08491
236,Ignace,Dameisele,Male,2011,Ford,37.7789529,26.8912124
237,Noni,Marsh,Female,2005,Suzuki,69.4326713,30.8274819
238,Illa,Worgan,Female,1996,Mazda,55.6383075,22.938485
239,Conney,Makepeace,Male,1993,Mercedes-Benz,14.5640576,121.1325639
240,Mercedes,Hakey,Female,2012,Dodge,21.912701,111.902604
241,Guido,Brushneen,Male,1993,GMC,39.8437175,-8.8785576
242,Edlin,Connerry,Male,2012,Audi,40.232604,116.410742
243,Tammara,Kettlewell,Female,2011,Nissan,12.6836578,100.901604
244,Jack,Chalke,Male,2002,Cadillac,48.87561,2.302597
245,Ivett,Kennelly,Female,2010,Land Rover,36.1460832,120.4873619
246,Etheline,Dun,Female,1987,Ford,10.3231036,-3.1679257
247,Oneida,Danelet,Female,2008,Toyota,-9.1738986,-78.3600448
248,Fiann,Baribal,Female,1995,Chevrolet,7.897581,123.768678
249,Brittany,Parrish,Female,1998,Plymouth,63.4400274,10.4024274
250,Blane,Drayn,Male,1987,Mitsubishi,4.5827227,-74.2117465
251,Andi,Lloyds,Female,1953,Chevrolet,49.8756758,-106.5573172
252,Tammi,Staff,Female,1989,Ford,-53.772733,-67.738423
253,Rosabel,Anneslie,Female,2010,Mitsubishi,34.2872962,133.9508311
254,Tracy,Braikenridge,Male,1995,Volkswagen,-2.9062039,114.6905436
255,Royall,Morcombe,Male,2007,Saturn,8.0155697,-71.7637309
256,Ammamaria,Griggs,Female,1989,Audi,54.8953858,27.7599272
257,Paxon,Flatt,Male,2003,Acura,22.200895,-97.8531153
258,Nananne,Hellen,Female,2003,Mitsubishi,50.1214779,21.9686719
259,Odele,Moakes,Female,2006,Chrysler,33.7654607,-84.38709
260,Karissa,Lemmers,Female,1994,GMC,57.9331563,55.34672
261,Jeffy,Gladebeck,Male,1993,Chevrolet,29.1416432,119.7889248
262,Galen,Garbert,Male,1967,Pontiac,44.9544161,42.0328581
263,Arleta,Semark,Female,1992,Buick,35.3078775,136.6447089
264,Lyman,Darbishire,Male,2010,Scion,-31.4505323,-64.1847851
265,Beck,Gonnelly,Male,1993,Oldsmobile,43.3022775,77.2269221
266,Milicent,Loughhead,Female,2011,Mercedes-Benz,9.61666,124.301366
267,Roana,Agglione,Female,2004,Mercedes-Benz,-7.5450262,111.6556388
268,Ed,McGillacoell,Male,1999,Nissan,48.5129473,2.6780176
269,Bobbette,Woolbrook,Female,2006,Mazda,-6.7273278,111.2695981
270,Alvin,Brusby,Male,1999,GMC,56.2507818,12.9929582
271,Annora,Coulsen,Female,1983,Ford,50.4225,104.1075
272,Ivy,Seel,Female,2006,Audi,6.6693528,9.1622211
273,Sig,Bracknell,Male,2005,Porsche,25.556716,110.016031
274,Anabel,Pretious,Female,1984,Ford,43.0429124,1.9038837
275,Everett,Matthius,Male,2013,GMC,30.6357285,116.5715868
276,Flory,Goburn,Female,1992,Lincoln,-2.7129174,102.8917556
277,Jobyna,Allman,Female,2003,Dodge,59.3781172,16.5102565
278,Seward,Rockwill,Male,2003,Isuzu,-9.6096717,-69.2877535
279,Aigneis,Calloway,Female,2003,Honda,-8.521,123.5353
280,Aggie,Cary,Female,1994,Chevrolet,39.822507,109.963338
281,Abbe,Sheals,Female,2007,Chevrolet,49.8359632,16.795095
282,Llywellyn,O' Hanvey,Male,2000,Plymouth,25.600272,115.786056
283,Selinda,Leddie,Female,2001,Mercury,39.154597,117.170921
284,Maye,Baroche,Polygender,1995,Volvo,31.16384,98.558093
285,Hurlee,Estcourt,Male,2006,Dodge,49.1063903,17.164335
286,Berthe,Linden,Female,2003,BMW,-6.1869527,106.1698563
287,Costa,Shiril,Male,2005,BMW,7.2357275,-8.98527
288,Kean,Sankey,Male,2004,Infiniti,31.2122278,-9.7093341
289,Christabel,McKeller,Female,1996,Ford,13.3601931,99.9129845
290,Rem,Coite,Male,1995,Mitsubishi,12.4957874,-6.797592
291,Sunshine,McReynolds,Female,1998,Mercedes-Benz,-12.2695779,44.4789279
292,Dannie,Bullough,Female,1992,Mazda,15.816699,120.349903
293,Baryram,Ungerechts,Male,2008,Mazda,50.4438122,48.1450932
294,Jessa,Rawls,Female,2005,Subaru,-12.257739,43.6723087
295,Sabine,Crouse,Female,1991,Land Rover,14.6927715,121.0162168
296,Rita,Benitti,Female,1999,BMW,-6.09222,-77.67806
297,Larine,Northover,Female,2004,Oldsmobile,-6.9895044,110.4329118
298,Alford,Hulatt,Male,2007,Chrysler,4.203572,-74.643383
299,Linc,Hobden,Male,2006,Toyota,12.2651512,-85.0778886
300,Stanislaw,Clout,Male,1997,Infiniti,23.374499,116.739634
301,Flossy,Monni,Female,2004,Pontiac,-20.5907049,17.4588131
302,Anselm,Fisbey,Male,1993,Ford,44.4133103,8.9314338
303,Ellie,Delaney,Female,2011,Nissan,-6.2060317,105.9670501
304,Marys,Merdew,Female,2005,Audi,18.507532,-69.8492398
305,Greg,MacAless,Male,1997,Chrysler,30.352893,105.204609
306,Eleonore,Scocroft,Polygender,2012,Jeep,32.890479,115.814504
307,June,McKall,Polygender,2008,Chrysler,60.335657,25.0597867
308,Annetta,Keir,Female,2005,Mercedes-Benz,37.7423068,-25.6594762
309,Rubin,Ollis,Male,2012,Infiniti,38.0249,22.73294
310,Ardelia,MacCambridge,Female,1987,Ford,46.8467747,40.5510554
311,Mirabelle,Hukins,Female,2001,Mazda,5.329576,103.1369108
312,Giles,Wadworth,Male,2004,Spyker,52.5121401,13.414046
313,Wilbur,Rushmare,Male,1992,Mercedes-Benz,36.8854128,-76.2652909
314,Bobbee,Grent,Female,1999,Hummer,51.4537368,37.1272446
315,Berna,Adey,Agender,1974,Ford,48.3117809,23.041894
316,Abbe,O'Bradden,Bigender,2011,Toyota,-14.2581428,-39.3932232
317,Ardys,Laslett,Female,1988,Land Rover,48.6366985,2.7912279
318,Gustav,Stonehouse,Male,1989,Suzuki,38.416663,112.734174
319,Dre,Waple,Female,1995,Chevrolet,45.1721845,5.7078052
320,Lonnie,Cannaway,Male,1989,Porsche,-16.111792,-69.5541
321,Hyacinth,Tustin,Female,1998,Mercury,-8.4704285,115.1204095
322,Ninnette,McLeese,Female,1997,Nissan,14.3758164,121.0390378
323,Rayner,Casterot,Male,1991,Mercedes-Benz,-26.6161631,-56.2510215
324,Holly,Stanistreet,Female,2012,Bentley,35.663752,103.389346
325,Mariya,Trinbey,Polygender,1991,Mercedes-Benz,16.4332711,120.3470571
326,Vonny,Braitling,Female,2000,Infiniti,-6.9174639,107.6191228
327,Durward,Riddiough,Male,2005,Hyundai,49.8634627,-97.1373403
328,Julia,Jeenes,Female,2004,Buick,14.5701829,121.0202323
329,Uri,McKendry,Male,2008,Chevrolet,26.6674,113.449709
330,Bone,Graveson,Male,2012,Toyota,45.2213834,37.1168274
331,Lynette,Bello,Female,1998,Pontiac,14.5748896,121.0455547
332,Dido,Boutcher,Female,2002,Chevrolet,3.5833333,39.4166667
333,Stavro,Matushenko,Polygender,2002,Acura,36.6287219,140.6618666
334,Gnni,Abbes,Female,1998,Chevrolet,15.3745452,102.1861447
335,Carce,Blanckley,Bigender,1998,Chevrolet,16.4336105,120.3435365
336,Hervey,Stapells,Male,1993,Toyota,-16.6491362,-71.0248775
337,Zia,Mussetti,Female,1997,Audi,39.944315,116.809657
338,Ruthi,Cornbill,Female,2002,Audi,34.850606,114.860055
339,Maxy,Gaylord,Genderfluid,2012,Porsche,-7.0029794,108.4572788
340,Phil,MacAllan,Male,2002,Toyota,50.3736428,16.1685899
341,Kathleen,Von Hindenburg,Female,1995,BMW,48.043204,38.1393965
342,Henrie,Shea,Female,2010,Dodge,-26.883247,-60.216667
343,Enriqueta,Mordanti,Female,2009,Audi,24.660261,112.297428
344,Emmy,Horning,Male,2010,BMW,-4.1710664,139.4415168
345,Hamel,Anchor,Male,1996,Dodge,-6.9547303,107.3787448
346,Baxy,Erett,Male,1993,Nissan,56.0629097,14.1774467
347,Skipp,Arro,Male,1999,Pontiac,-6.5142035,-79.1188656
348,Cecilia,MacPaden,Female,2007,GMC,54.5107844,53.4440122
349,Gill,Fandrich,Female,1986,Porsche,52.7572749,78.2041704
350,Cosette,Ackenhead,Female,2002,Pontiac,-37.1468126,175.5477294
351,Mareah,Luebbert,Genderfluid,2007,Honda,-6.2608384,106.8207875
352,Jewell,Jepps,Female,2011,Audi,-7.1044542,107.9146687
353,Darla,Giorgielli,Female,2002,GMC,-33.1341591,-64.3479781
354,Hermy,Brantl,Male,1989,Pontiac,43.1795227,45.4045219
355,Berny,Strong,Agender,2007,Ford,48.8315157,84.606767
356,Eyde,Probbing,Female,1992,Geo,4.4529473,126.7496264
357,Kelsi,Dorgon,Female,2005,Porsche,52.5264066,85.1824498
358,Sasha,Oseland,Male,1991,Mercedes-Benz,31.686188,104.969819
359,Dion,De Bruijne,Female,1992,Infiniti,-3.0050767,-47.3535246
360,Claire,MacKey,Bigender,2007,Ford,64.5958098,18.6763669
361,Emmie,Lapwood,Female,2004,Ford,54.6567593,32.1804491
362,Isacco,Cristoforo,Male,1989,Audi,38.7097954,-9.4164575
363,Davie,Klee,Male,1999,Lamborghini,40.7929026,43.8464971
364,Erina,Winyard,Female,1964,Pontiac,27.6985161,85.3117065
365,Ariadne,Rown,Female,2009,Toyota,47.74603,122.60809
366,Edik,Minker,Male,2009,Hyundai,30.820143,106.06886
367,Yule,Salvage,Genderfluid,1984,Maserati,46.803197,61.6639055
368,Sig,Riteley,Male,2006,Ford,40.7063972,-8.5462218
369,Stefanie,Padula,Female,2000,Chevrolet,44.5765376,34.3431531
370,Standford,Budge,Male,1970,Porsche,40.417547,117.504737
371,Brinna,Betancourt,Agender,2009,Chrysler,8.16667,124.21667
372,Joy,Punyer,Female,2011,Volvo,16.5564748,103.2432632
373,Ilyse,Stapley,Female,2004,Mercedes-Benz,45.3218651,17.7681327
374,Thomasin,Tunuy,Female,1990,Pontiac,30.077787,108.892527
375,Gaspard,Allingham,Male,1999,Infiniti,48.6282422,38.3727153
376,Adair,Styan,Male,2007,BMW,51.1981241,18.191303
377,Morris,Scurman,Male,1992,Mitsubishi,3.9878168,-75.946324
378,Rolland,Normant,Male,1996,Dodge,53.385304,-6.3828795
379,Maxim,Gewer,Male,2004,Spyker,51.897904,4.473358
380,Heath,Bearham,Male,2001,Nissan,56.8530446,41.3756828
381,Wang,York,Male,2010,Aston Martin,57.7238408,12.0887312
382,Toni,Palphreyman,Female,1993,Porsche,18.1402987,-77.0449327
383,Brandie,Dungey,Female,2001,Pontiac,38.465785,106.278153
384,Lyn,Ruddy,Bigender,2005,Saturn,18.4691383,-77.5404459
385,Hall,Palatini,Male,1988,Chevrolet,9.8252566,105.8172881
386,Lurlene,McLenaghan,Female,2010,Mercedes-Benz,38.0117509,23.8548387
387,Porter,McCreery,Male,2004,Ford,30.9578398,107.8655766
388,Cherianne,Mahony,Female,2002,Pontiac,38.1189564,23.6561725
389,Sayer,L'Hommee,Male,2009,Mercedes-Benz,31.297414,121.450653
390,Kenon,Ferronier,Male,2003,Audi,-26.6329034,-48.6844637
391,Tiler,Thorburn,Genderfluid,2009,Kia,-8.5534,122.9028
392,Zenia,Clulow,Female,2002,Lamborghini,23.538092,99.397126
393,Corina,Tregust,Female,2010,Dodge,24.7258954,67.9341476
394,Clyde,Naul,Polygender,2007,Porsche,43.4945737,5.8978018
395,Russ,Di Carli,Male,2012,Ford,-13.9792358,-71.4165779
396,Sheba,Adelberg,Agender,1998,Hyundai,36.684789,118.479654
397,Albert,Germann,Male,1995,Chevrolet,14.603928,120.966168
398,Eleen,McTrustam,Female,1984,Mercedes-Benz,54.145036,48.390554
399,Carlynne,Melby,Female,2008,Ford,36.8539304,115.989656
400,Almeda,Suthren,Female,1986,Chevrolet,29.650449,98.533976
401,Francine,Dunseith,Polygender,2011,Audi,6.426373,101.277052
402,Jakie,Champion,Male,2005,Land Rover,52.0825062,4.8461786
403,Faustine,Aubrey,Genderqueer,2007,Dodge,45.149066,43.4277535
404,Sylvia,Robelin,Female,1986,Mercury,16.5409974,121.563879
405,Shaine,Coatts,Female,1989,Ford,43.0449888,45.7296087
406,Terrijo,Littell,Female,2000,Honda,34.352865,62.2040287
407,Kinnie,Brown,Male,1992,Plymouth,13.8185096,122.7973241
408,Jessamine,Rubartelli,Genderqueer,1995,Cadillac,9.1224847,-79.2930312
409,Lorrie,Hutchens,Male,2006,Kia,59.4369608,24.7535747
410,Wake,McVie,Male,2005,Ford,26.480043,113.778639
411,Bjorn,Stoakes,Male,2011,Subaru,22.9550072,113.0126011
412,Kristoforo,Tilberry,Male,2012,Ford,-7.5450262,111.6556388
413,Joli,Palfrie,Female,1999,Isuzu,15.5653934,120.6147766
414,Forest,Vanyard,Male,2006,Audi,14.955476,120.8868617
415,Suzanne,Soppett,Female,2005,Ford,-2.2728607,115.5917918
416,Natty,Ivankovic,Bigender,2006,Jeep,55.3040194,83.6056675
417,Abey,Jallin,Genderqueer,1996,Plymouth,59.7411336,18.3453989
418,Kristina,Huot,Female,2007,Lexus,2.9175611,101.6821575
419,Caresse,Crinkley,Genderqueer,1992,Mitsubishi,59.740619,28.4695971
420,Dory,Genthner,Male,2005,Ford,56.7706744,62.052215
421,Sybyl,Shorte,Female,2001,Mercedes-Benz,-5.0424945,32.8197329
422,Hyman,Licciardi,Agender,2000,Mazda,59.132661,12.930107
423,Grace,Ferenc,Male,1992,Acura,61.6724707,40.2145002
424,Putnem,Brewse,Male,2003,Volkswagen,46.0972432,-77.494026
425,Kristyn,Henfre,Female,1999,Audi,51.8135681,19.9684918
426,Bibbie,De La Hay,Female,1994,Chevrolet,35.4035493,140.3449585
427,Ruddie,Fittis,Male,2004,Lexus,44.0271757,44.0430569
428,Irv,Sommerfeld,Male,1999,Mitsubishi,38.6754819,46.1117612
429,Christabel,Swatten,Female,2002,Mitsubishi,14.6419036,121.0120679
430,Phylys,Shieldon,Female,2009,Chevrolet,47.9956173,0.1924459
431,Roddie,Tatum,Male,1998,Volkswagen,43.0429124,1.9038837
432,Mason,Hasney,Male,2008,Pontiac,-12.2369022,-75.7455074
433,Andria,McKeaveney,Female,1992,Mitsubishi,-6.3991308,106.7411559
434,Axel,Olifaunt,Male,2001,Volvo,25.4251732,68.7514645
435,Brunhilde,Bleue,Female,2006,Chevrolet,12.0560975,-61.7487996
436,Cathyleen,Fearnside,Female,1992,Buick,7.6977061,126.2807622
437,Kellen,Jamison,Female,1972,Chevrolet,27.318852,115.444319
438,Mozelle,Clausen-Thue,Female,2003,BMW,13.0058731,5.2475518
439,Nikolos,Richley,Male,1995,Chevrolet,38.6,-121.45
440,Ebenezer,Tyndall,Genderqueer,2007,Lexus,9.812741,106.2992912
441,Kane,Buzine,Genderfluid,2005,Suzuki,6.76716,80.9435092
442,Samuele,Yaldren,Male,2001,Chrysler,22.948016,113.366904
443,Wolf,Coggon,Male,1997,Honda,41.1509639,-7.9737002
444,Florella,Ridesdale,Female,1987,Buick,7.8890971,-72.4966896
445,Malissa,Denkin,Female,1999,Acura,-19.986874,57.6127424
446,My,Liddicoat,Male,2009,Chevrolet,55.536259,37.5985159
447,Thorin,Raccio,Male,2006,Lexus,-7.2893545,-34.8403408
448,Kathie,Taverner,Female,2012,Hyundai,40.284979,117.134151
449,Glad,Van Vuuren,Female,1993,Volkswagen,5.4827405,-73.4062342
450,Othilia,Denniston,Female,1989,Suzuki,-34.6182974,-58.5303202
451,Vale,Astbery,Male,2011,Mercedes-Benz,42.6586378,18.1013637
452,Max,Buxey,Female,1998,Dodge,48.4914852,-4.0442397
453,Nicolina,Passo,Female,1994,Mercury,39.9041999,116.4073963
454,Meris,Howden,Genderqueer,2003,Chevrolet,31.1356648,30.1327813
455,Gerty,Bunworth,Female,2002,Honda,20.4314732,96.1367935
456,Alleyn,Turrill,Male,2000,Hyundai,31.911205,35.268988
457,Brynne,Douch,Female,2005,Volkswagen,20.6861265,105.3131185
458,Maury,Poles,Male,1999,Chevrolet,4.4354347,14.3617343
459,Richmond,Troppmann,Male,1992,Volkswagen,37.9656089,23.5677089
460,Cecil,Driuzzi,Male,2001,Honda,21.104739,-101.670897
461,Ruth,Hanley,Female,2007,Toyota,-4.203165,-69.935907
462,Giacinta,Shivell,Female,2012,Jaguar,-20.0723762,57.5674318
463,Alina,Briztman,Female,2004,Mazda,-16.2664706,-56.6265989
464,Oralla,Sillett,Female,2000,BMW,30.274084,120.15507
465,Torrin,Dickie,Male,2002,Subaru,-6.987312,110.389141
466,Gustavo,Ong,Male,2007,BMW,52.7107501,-8.5054897
467,Marge,Bocock,Female,1997,Buick,49.5767154,18.7645942
468,Percival,O'Keenan,Male,1996,Dodge,33.437877,113.609286
469,Isa,Wetherald,Genderfluid,1993,Ford,16.012494,120.2822878
470,Darcee,Frostick,Female,2012,Chrysler,24.724853,118.489851
471,Jacob,Estable,Male,1994,Dodge,-8.3124202,123.7238308
472,Emlyn,Louch,Female,2002,Mazda,49.6106567,18.735973
473,Roderich,Hurkett,Bigender,2012,Chevrolet,22.1599753,-80.4437781
474,Poppy,Rizzardo,Female,1967,Chevrolet,-22.304089,166.447436
475,Carol,Olivey,Non-binary,2008,Ford,-13.05526,-74.139107
476,Adriena,Fitzer,Female,2007,Ferrari,29.483344,-98.5207797
477,Irwin,Woakes,Bigender,2012,Audi,35.30385,113.875245
478,Derby,Dhenin,Male,2008,Pontiac,-2.8166669,114.65
479,Cathie,Hubach,Female,2008,Kia,-7.6331351,109.2474701
480,Lebbie,Doring,Female,1987,Land Rover,-8.3165281,-40.2680075
481,Melesa,Voak,Female,2005,Dodge,36.025609,-78.9853813
482,Jamie,Lindop,Male,2002,Chrysler,36.7027082,67.7079491
483,Vannie,Harbron,Agender,2006,Chevrolet,-5.3810959,105.2955575
484,Man,Boorman,Male,2006,Hummer,31.32847,118.892085
485,Dael,Neeves,Male,2005,Toyota,40.902461,116.621937
486,Kandace,Jiru,Female,1997,Mercedes-Benz,31.385952,120.936058
487,Damian,Winning,Male,1996,Isuzu,38.1861536,140.6675584
488,Rubetta,Sahlstrom,Female,1987,Chevrolet,31.352859,118.432941
489,Bobinette,Degoix,Non-binary,1997,Dodge,41.4591168,48.8020626
490,Prentice,Shelmerdine,Male,2002,Ford,50.0600037,37.3822945
491,Kennan,Gerram,Male,2007,Porsche,48.652412,32.5077211
492,Peyter,Killelea,Male,1999,Chevrolet,5.4197312,100.3170452
493,Beatrix,Poacher,Female,1972,CitroÃ«n,-8.0806,111.7084
494,Vaclav,Clemmens,Male,2007,Porsche,31.306136,120.6240412
495,Odille,Maciaszczyk,Female,1992,Mercedes-Benz,30.029634,121.281625
496,Rosy,Piddlesden,Female,2003,Ford,43.4945737,5.8978018
497,Reilly,Lightning,Male,2011,Bentley,23.119924,113.309317
498,Carmine,Lovstrom,Male,1998,Dodge,26.733954,107.943601
499,Rosemarie,Matyatin,Genderfluid,2007,Volvo,4.833333,36.1
500,Vanessa,Dayment,Female,2009,Dodge,-25.283333,-69.766667
501,Florida,Chadbourne,Female,1996,Mitsubishi,-9.8998206,-75.9922372
502,Nathalie,Sobtka,Female,2011,Acura,23.219932,102.835223
503,Sula,Bennedsen,Female,1988,Ford,34.810487,117.323725
504,Jillane,Petrolli,Female,2006,Mercedes-Benz,45.72727,112.35563
505,Douglas,Ogden,Male,2010,Lotus,40.5763147,44.8736389
506,Chrysler,Ever,Female,2012,Toyota,51.1529103,17.2602307
507,Lavena,Ralton,Female,1996,Dodge,9.165288,-79.5434841
508,Giorgio,Kirstein,Male,2006,GMC,54.8843032,38.1642604
509,Felice,Fisbey,Male,2006,Buick,23.4024253,117.1166128
510,Fabiano,McQuade,Male,1994,Toyota,36.9564827,118.1147469
511,Jere,Hentzer,Female,2000,Oldsmobile,38.277028,109.720309
512,Meredith,Plunket,Male,2004,Mitsubishi,29.772645,118.703307
513,Redd,Bessey,Male,2009,Bentley,-20.9969938,-63.3933089
514,Farrand,Roscamp,Female,2006,GMC,12.4896877,106.0287512
515,Sky,Pales,Male,2001,Ford,35.2294606,23.6819128
516,Emmery,Ketts,Male,1977,MG,-7.532337,109.1374653
517,Jaimie,Runciman,Male,2012,Infiniti,17.06034,122.01514
518,Samaria,Trittam,Female,2012,Bentley,38.4499141,141.3800956
519,Matilde,Ruste,Female,1996,Mazda,40.256729,115.474295
520,Aleda,Cragg,Female,2005,Jaguar,5.8607314,-0.6676865
521,Ianthe,De Ambrosi,Female,1984,Saab,50.3539812,13.8033551
522,Kalindi,Lohering,Female,2004,Chrysler,27.218444,116.525725
523,Tarra,Darrel,Female,1990,Pontiac,23.090823,113.74595
524,Filip,McVeigh,Male,1997,Mazda,-9.6551739,124.2699432
525,Conn,Cutbirth,Male,2005,Pontiac,-18.2167271,28.9470422
526,Mireielle,Dybbe,Female,2002,Ford,58.6842321,15.7861546
527,Jessamyn,Sawford,Female,1993,Saab,58.6571132,15.9940592
528,Camila,Pennington,Female,2002,Audi,44.596097,129.591591
529,Krishnah,Pearcey,Male,1986,Pontiac,53.30215,23.28784
530,Elwyn,Dummett,Male,1995,Mazda,16.2639807,-0.0279867
531,Devin,Gladdish,Female,2011,Chevrolet,52.7785658,-108.2930839
532,Barb,Maxwell,Female,2010,Jeep,47.5054315,6.8426821
533,Erin,Gavrielly,Female,2002,Mazda,31.2028365,121.4379074
534,Crawford,Talloe,Male,2002,Isuzu,29.674163,110.167402
535,Tanney,Yalden,Male,2011,BMW,6.2220043,7.0821162
536,Levey,Tym,Non-binary,2008,Scion,31.627447,121.022581
537,Alwin,Benditt,Male,2011,Honda,60.7353362,77.6065163
538,Sile,Jertz,Female,1993,Buick,28.363388,117.853172
539,Brook,Frusher,Male,2002,Ford,51.2879708,15.2299326
540,Fraser,Wessell,Non-binary,1994,Mazda,49.8073734,21.4331923
541,Dona,Crickmoor,Female,1993,Land Rover,41.4346593,-8.1962076
542,Holly,Filippov,Male,2008,Mazda,-34.7903355,-56.3502545
543,Avie,Spriggs,Female,1986,Ford,14.6733187,121.0601862
544,Aubrey,Veryard,Male,2000,Chrysler,34.007974,119.839212
545,Myrtice,Corneljes,Female,1992,Mercedes-Benz,42.5666535,1.5994581
546,Margaret,Sainter,Female,2002,Dodge,-6.2167736,106.5230542
547,Emmy,Villa,Male,1993,Chrysler,10.4868673,-66.739712
548,Marybelle,Bacon,Female,2006,GMC,56.0212332,12.7210712
549,Larisa,Thorbon,Female,2000,Lincoln,26.629211,101.266195
550,Tore,Lasselle,Male,1992,Dodge,38.0818216,140.0392974
551,Karola,Wallwood,Female,1995,Ford,41.5728211,23.7282719
552,Marshal,Rostron,Male,1993,Isuzu,-18.0580139,13.8361177
553,Sandy,Rand,Male,2011,Porsche,6.1090652,102.133622
554,Sadie,Merrick,Female,1999,Kia,22.517585,113.39277
555,Junina,Hindshaw,Female,1987,Pontiac,8.544642,124.961672
556,Hildegaard,Spreull,Female,2007,Ford,32.047243,44.3709408
557,Edan,De Meis,Male,2005,Aston Martin,37.8996732,139.2013381
558,Floria,Leftwich,Female,1996,Acura,36.307064,120.39631
559,Wallie,Milham,Male,2010,Jeep,9.333659,-75.540823
560,Amabel,Lawly,Female,2003,Honda,48.8834042,2.333434
561,Dael,Fullick,Male,2008,Hyundai,-34.6161437,-58.5238406
562,Pearle,Grinnikov,Female,1995,GMC,51.6991519,5.2583334
563,Miller,Burbudge,Male,1999,Pontiac,41.9950451,21.3421041
564,Forster,Kovacs,Polygender,1995,Oldsmobile,38.6491541,-8.949136
565,Fairleigh,Knowles,Male,1996,Mercury,41.654661,126.154678
566,Lamond,Cossom,Polygender,1998,Chevrolet,43.817071,125.323544
567,Nikolas,Pyne,Male,2005,Jaguar,46.1298241,14.5577637
568,Lorain,Levis,Female,1993,Audi,15.1634121,36.6525696
569,Maryl,Eisikowitz,Female,2003,Ford,60.2474501,30.4461356
570,Courtnay,Boothman,Male,2011,Ram,42.383271,126.8080369
571,Faith,Denness,Female,2004,Buick,34.2211097,71.6276159
572,Gibby,Brewood,Male,2006,Cadillac,-7.2038055,-78.3244788
573,Katy,Sketcher,Female,2002,BMW,-15.3612378,-70.3628516
574,Boris,Fuzzey,Male,2001,Toyota,-17.7178133,-49.1221414
575,Bernice,Charrette,Female,1999,Buick,36.0268006,-83.7942551
576,Raoul,Athow,Male,1998,Isuzu,29.461194,110.152436
577,Rowena,Gewer,Female,2004,Maybach,29.1416432,119.7889248
578,Crystie,McTavy,Agender,1996,GMC,33.3527276,-7.5788975
579,Erasmus,Heaysman,Male,1999,Oldsmobile,32.060497,34.873121
580,Vittorio,Ballchin,Male,2002,Lincoln,39.928353,116.416357
581,Alix,Shilstone,Male,2005,Aston Martin,41.6503132,19.620782
582,Cynthea,Danko,Female,2005,Mitsubishi,49.6207834,20.704183
583,Merci,Merrett,Female,1966,Ford,29.541793,110.364953
584,Cad,Macklam,Male,2005,Ford,25.566821,-103.4295033
585,Oswald,Pratley,Male,1985,Lamborghini,-6.5301408,-76.7206652
586,Benita,Khotler,Female,2007,Mercury,52.6201537,4.7406288
587,Maegan,Mulvenna,Female,1997,Ford,13.5460383,-14.9717426
588,Felic,Colliver,Male,2005,Chevrolet,-6.6487025,111.001332
589,Clayborne,Mulqueen,Male,2008,Chrysler,4.7546039,11.2240441
590,Susi,Thomelin,Female,1999,Dodge,27.939395,104.622995
591,Luke,Woollam,Male,1992,Dodge,44.303454,4.5815725
592,Ruthy,Vasovic,Female,2005,Pontiac,-8.1954879,113.3228127
593,Malissa,Folonin,Female,2005,Panoz,21.664044,110.639569
594,Willard,Eymer,Male,2011,Mazda,3.5144204,11.5077573
595,Rennie,McGlade,Genderfluid,1970,Ford,29.756501,121.507191
596,Wilden,Elflain,Male,2010,BMW,-10.0798,120.2781
597,Manfred,Compston,Male,2011,Toyota,5.1886762,97.1344608
598,Tomi,Morrad,Female,1993,GMC,25.221935,102.4976
599,Gav,Hairsnape,Male,2013,Hyundai,36.8979986,54.0738979
600,Jobina,Pray,Female,1993,Mazda,30.1185635,-95.3730176
601,Buiron,Cowlishaw,Male,2008,Audi,33.1401715,119.7889248
602,Edgard,Somes,Male,1988,Ford,-6.7132088,111.359026
603,Talya,Smallbone,Female,2007,Suzuki,48.4691324,37.0871224
604,Charlene,Batkin,Female,1986,Ford,38.7726507,-7.502314
605,Archy,Yeskin,Male,2008,Nissan,49.6109539,6.0689379
606,Faye,Lynd,Female,2010,Volvo,-31.7790432,-54.6945328
607,Ernie,Klemps,Polygender,2004,Chrysler,45.7873408,126.7075176
608,Florence,Cheesman,Female,2002,Pontiac,43.5687705,27.8342003
609,Abigail,Shefton,Agender,2001,Chevrolet,1.05,118.8
610,Hermie,Hartshorn,Male,2010,Suzuki,12.4959322,11.5006548
611,Oberon,Fossett,Male,2005,Mazda,-31.4834373,-64.2145666
612,Enrico,Baudon,Male,2009,Mercedes-Benz,29.423385,110.662033
613,Graehme,Wigan,Male,2007,Mercury,45.0274234,35.0863723
614,Mona,Crisell,Female,2006,Isuzu,42.629452,120.639361
615,Shem,Hast,Male,2010,GMC,31.325748,113.393516
616,Liane,Hughlock,Agender,2006,Cadillac,-8.074933,112.6079459
617,Arabelle,Huxter,Female,2006,BMW,37.363389,122.552273
618,Kaylil,Wisam,Female,2003,GMC,7.8005358,-80.7463852
619,Chryste,Dorran,Female,1990,Saab,10.425,124.0005
620,Jeri,Ellsworthe,Female,1995,Audi,36.5029458,137.8605018
621,Berti,Drummond,Male,1989,Suzuki,60.0679685,20.1014899
622,Mario,Spellsworth,Male,1989,Ford,30.741991,121.341969
623,Layney,Iddiens,Female,2011,Jeep,15.4978643,120.8420786
624,Noami,Stanley,Female,2004,Buick,42.8518656,-8.5638609
625,Franny,Jeannaud,Female,1998,Audi,6.8437702,125.2413578
626,Estele,Heers,Female,1991,Suzuki,28.043902,120.6648587
627,Isidro,Warke,Male,1992,Oldsmobile,13.3132472,12.6158803
628,Desiri,Moulster,Polygender,2005,Jaguar,41.6548062,-8.4907289
629,Amby,Jest,Male,2007,Toyota,52.8303055,62.5102237
630,Walliw,Kirley,Female,1999,Honda,29.012339,105.851885
631,Michele,Wanley,Non-binary,2011,Maybach,9.0528821,12.0575469
632,Jude,Lankester,Male,2012,Lincoln,5.4745106,-3.2030756
633,Engracia,Keyzor,Female,2006,Chevrolet,-8.416667,-77.45
634,Karna,Patriche,Female,1993,Volkswagen,-6.7132088,111.359026
635,Harris,Ellison,Bigender,1998,Dodge,38.7360496,-9.1418159
636,Marlena,Cancutt,Bigender,2004,Honda,5.242598,-75.781831
637,Vaclav,Dumberell,Male,2004,GMC,-6.2694214,14.2337805
638,Fair,Gathercoal,Male,2009,Lotus,25.984639,99.825101
639,Pennie,Doogue,Male,1987,Mazda,5.5433492,120.8418861
640,Parnell,Minmagh,Male,2012,Buick,-4.0434771,39.6682065
641,Kerrie,Gaynesford,Female,2005,Toyota,34.0313411,131.3494901
642,Feodor,Izod,Male,1990,Maserati,51.5353894,7.4091222
643,Jen,Toone,Non-binary,2005,Mitsubishi,-7.377892,109.2504436
644,Constantin,Putland,Male,1999,Chevrolet,52.8801,40.5526
645,Sybyl,Paulucci,Female,2012,Dodge,43.817071,125.323544
646,Laurent,Wollard,Male,2011,GMC,0.8070691,24.4529792
647,Orland,Featonby,Male,2008,BMW,38.058088,117.230602
648,Darrin,Shilling,Male,2011,Mitsubishi,22.5064672,-79.4760133
649,Meredith,Domm,Genderqueer,2004,Mitsubishi,7.6182738,100.3048897
650,Annamarie,Walthew,Female,2005,Mitsubishi,10.8088919,123.0428489
651,Finley,Daish,Male,2006,Mazda,50.44979,-119.20235
652,Adams,Tooker,Male,2000,Acura,59.93387,10.7238762
653,Corbin,Bedrosian,Male,2003,Pontiac,8.0419777,125.1086998
654,Bernardina,Anthoney,Female,1990,Volkswagen,35.200539,26.250031
655,Maurie,Dowsett,Male,2005,Toyota,40.5963905,19.7383332
656,Alecia,Bouzan,Female,1991,Pontiac,5.069435,-74.380305
657,Deborah,Strangward,Female,1998,Kia,-7.7276103,110.8582722
658,Jdavie,Crannach,Genderfluid,2008,Honda,-7.0549155,108.0261901
659,Linc,Stubbe,Male,1998,Pontiac,-38.977251,-67.826868
660,Kalil,Kroin,Male,2008,BMW,43.1555152,19.1226018
661,Dredi,Billinge,Female,2012,Audi,55.10013,-105.28422
662,Ula,Ambrozewicz,Female,2008,BMW,23.404165,113.220218
663,Kris,Waddam,Male,2000,GMC,54.5156,28.9587
664,Octavia,Conneely,Female,2010,Mitsubishi,-18.998706,-47.058302
665,Fayre,Cramond,Female,2007,Mercedes-Benz,47.5860611,-52.6912126
666,Sal,Matushevitz,Agender,1998,Buick,7.8086531,-80.2711588
667,Fey,Jarley,Female,2011,Chevrolet,31.282537,120.819425
668,Lissie,Palphramand,Female,2006,Audi,17.6282027,121.7170078
669,Rosette,Whitney,Female,1997,Dodge,6.1097207,102.2462087
670,Beverlie,Lenahan,Genderfluid,1997,Hyundai,52.0592063,20.4515916
671,Jozef,Perez,Male,1987,Volkswagen,7.7419585,-2.1008486
672,Elsinore,Boice,Agender,2004,Chevrolet,37.9904219,23.6583002
673,Hewett,Longland,Male,2007,Pontiac,38.2587716,-7.9765637
674,Karel,Quickenden,Female,2012,Honda,38.6803776,-28.1854042
675,Clementina,Scudders,Female,1989,Mercedes-Benz,24.848984,116.604574
676,Morlee,Haddrell,Polygender,1994,Jeep,44.5043184,20.2873726
677,Bev,Mattimoe,Male,2003,Mercedes-Benz,-4.0087147,136.0369403
678,Alta,Tame,Female,1993,Cadillac,38.2270256,-7.6809329
679,Nickolaus,Geldart,Male,2010,Toyota,28.5459092,68.212618
680,Camille,O'Sherin,Female,1984,Pontiac,38.6099176,-8.8036223
681,Kippar,Camin,Agender,2008,Ford,-4.683333,-81.1
682,Sloan,Lief,Male,2011,Infiniti,-7.70556,109.03083
683,Heida,Horribine,Female,2011,Ford,38.9187037,-76.9611991
684,Hogan,Blastock,Male,2003,Lexus,-7.0294857,-34.8458603
685,Roch,Shillington,Female,2006,Volkswagen,28.324391,109.336049
686,Ange,Calvie,Male,1993,Pontiac,53.3004898,-6.2634596
687,Reynolds,MacKowle,Agender,1997,Chrysler,-6.3783847,-41.8004409
688,Milissent,Gonoude,Female,1991,Suzuki,-17.9659326,-49.6503106
689,Brodie,Scarse,Genderfluid,2007,Toyota,-38.351311,-68.796194
690,Tracie,McKue,Female,1994,Ford,-11.2122554,13.8477121
691,Annemarie,Syalvester,Non-binary,2008,Buick,38.530028,114.976639
692,Gearard,Wannes,Male,2009,Ford,40.996725,19.5270566
693,Dorise,Addis,Female,2004,Porsche,49.8788079,21.1375994
694,Babita,Despenser,Female,2012,Subaru,-27.4887196,-58.9495941
695,Eugenia,Frisby,Female,1993,Audi,16.7903346,120.8249088
696,Dede,Nealy,Female,2009,Ford,50.023333,20.6832469
697,Mireielle,Knowler,Female,2011,Honda,51.3879616,34.9737843
698,Andrey,Sodeau,Male,2007,Nissan,52.4397976,61.7405126
699,Codee,Clive,Female,2002,Nissan,-2.2695575,40.9006408
700,Sonnie,Ambrosio,Male,2010,Toyota,12.4866658,108.042083
701,Thorvald,Rudram,Genderfluid,2007,Mazda,36.130754,107.497706
702,Bucky,Offell,Male,2004,Mitsubishi,26.159433,100.993355
703,Luci,Santon,Female,2000,Dodge,44.255137,5.262028
704,Marie,Craigg,Female,1996,Chevrolet,50.7577772,22.1021741
705,Elston,McComas,Male,1989,Pontiac,11.1506368,106.0875326
706,Nehemiah,O'Loughane,Male,1997,Oldsmobile,51.8370136,19.8634282
707,Mame,Maliphant,Female,2004,Buick,25.0676256,34.8789697
708,Wilden,McHan,Male,2008,Nissan,-0.789275,113.921327
709,Nevile,Lumbley,Male,1998,Chevrolet,48.7276331,2.281825
710,Waneta,Chinery,Female,2010,Audi,36.45361,127.43111
711,Townie,Partlett,Male,1997,Infiniti,41.96571,22.7708273
712,Mallorie,Goomes,Female,2008,Lexus,14.7292113,-88.0338631
713,Mead,Jorn,Polygender,2000,Ford,8.8232057,-69.9982093
714,Ely,Twydell,Agender,1999,Chevrolet,40.5454837,22.3173143
715,Agna,Bygott,Female,2004,Chrysler,12.9978739,121.4181928
716,Gran,Betz,Male,2005,Chevrolet,24.651518,109.24473
717,Chrotoem,Muzzullo,Male,2002,Toyota,46.0972432,-77.494026
718,Templeton,Dickman,Male,1994,Lincoln,39.937881,116.4080926
719,Goran,Niccols,Genderqueer,1990,Mercedes-Benz,50.496272,32.7188892
720,Rollie,Willbraham,Male,2001,Mercedes-Benz,41.2592586,-8.3332193
721,Cacilie,Deegan,Female,1985,Mitsubishi,35.23375,115.480656
722,Adolf,Carss,Genderfluid,1996,Mercedes-Benz,40.7465732,-7.8321881
723,King,Corden,Male,2003,GMC,-30.2932904,28.7693554
724,Ludovico,Medcraft,Male,1991,Pontiac,29.14583,48.09472
725,Pauletta,Rousel,Female,2003,Ford,19.4805668,-99.2058279
726,Tracie,Blaszczak,Male,2009,Honda,29.086221,119.571633
727,Shelley,Varns,Male,2004,Volkswagen,-1.5923262,31.1419058
728,Odey,Gantzman,Male,2004,Ford,14.4967483,120.991762
729,Huntlee,Colcutt,Male,1998,Ford,27.171779,111.62224
730,Valli,Allcock,Female,2002,GMC,36.515,103.62
731,Webb,Rhyme,Male,2007,Volvo,47.545979,19.0375319
732,Carling,Handes,Male,1996,Mercedes-Benz,40.5761474,-8.5858661
733,Hernando,Hume,Male,2009,Chevrolet,20.1453986,-77.4300357
734,Brittaney,Cristou,Female,2000,Toyota,27.252847,116.632891
735,Dallas,O' Culligan,Male,2006,Mercedes-Benz,-7.081475,-76.702454
736,Gianina,Slixby,Female,2005,Suzuki,43.0429124,1.9038837
737,Liana,McCray,Female,1992,Alfa Romeo,49.448552,28.5226562
738,Wakefield,Mansbridge,Male,2004,Volkswagen,39.5228398,21.1044466
739,Gwenette,Donnell,Female,2012,McLaren,53.1294318,87.4792556
740,Caryl,Goakes,Male,1997,Chevrolet,14.9417812,-91.8252028
741,Alwyn,Endersby,Male,2009,Mercedes-Benz,48.8270848,2.5111543
742,Rogerio,Gleasane,Male,2006,Nissan,26.6679155,105.7676313
743,Beatriz,Wimlett,Female,2002,Honda,32.448742,114.038736
744,Damien,Spincks,Male,1999,Dodge,6.8907086,8.352656
745,Chalmers,Bette,Male,1999,Mazda,7.834501,124.106681
746,Clemente,Heistermann,Polygender,1985,Buick,-23.5535152,-46.9354774
747,Abbe,Ellwell,Male,2009,Scion,58.2890327,12.2665864
748,Philis,Yarrell,Female,2010,Ferrari,15.5216056,103.2201828
749,Stacee,Allon,Agender,1999,Mitsubishi,55.823907,37.518127
750,Rafaelia,Rohlfs,Female,2007,Maybach,49.9600837,14.3198018
751,Stu,Jeannot,Genderqueer,1984,Mitsubishi,43.0429124,1.9038837
752,Manon,Klimowski,Female,1993,Dodge,56.81,40.51
753,Fritz,Broomhall,Male,1999,Saab,22.556499,114.236875
754,Reiko,Danelut,Female,2008,Toyota,53.918411,19.7442821
755,Carroll,Medlen,Genderfluid,2007,Volvo,43.4945737,5.8978018
756,Spencer,Burndred,Male,1988,Mitsubishi,15.1689378,-7.2895663
757,Lena,Goshawke,Female,2006,Ford,44.7721717,-0.6995221
758,Merwin,Mac Geaney,Male,2004,Chevrolet,6.014237,124.5885259
759,Katti,Lanston,Female,1997,Lincoln,12.1862546,18.6917922
760,Ricky,Dymidowicz,Female,2000,Dodge,44.406105,126.965607
761,Judi,Girodias,Female,1987,Mazda,52.4062515,19.1651495
762,Giraldo,Swanson,Male,1993,Mercedes-Benz,44.7791213,19.3765006
763,Tyler,Hinken,Male,2002,Toyota,48.2629668,25.1738286
764,Wait,Guntrip,Male,2007,Volvo,15.1398293,-88.6714295
765,Micah,Tatterton,Male,2012,Ford,39.2783775,140.4636669
766,Leontyne,Wannan,Female,2011,Mazda,14.990034,-89.719295
767,Hamilton,Edsall,Male,2005,Panoz,45.2977605,2.5135985
768,Maurine,Damper,Agender,1993,Buick,42.951526,124.302017
769,Nana,Offin,Female,2013,Hyundai,29.3332984,48.0158927
770,Clywd,Darth,Male,2009,Cadillac,53.4808987,34.4602881
771,Maddie,Warne,Male,2004,Suzuki,9.14586,-74.2932
772,Esme,Allcott,Female,2008,Audi,64.7000006,43.3910351
773,Charmion,Smallacombe,Non-binary,2010,Honda,46.4054155,16.4201451
774,Kora,Bernardini,Female,1998,Dodge,38.9,-77.04
775,Edyth,Hazeldene,Female,1996,Nissan,-20.3015699,57.5999968
776,Jacobo,Hexter,Male,1992,Chrysler,18.2051988,-71.0924706
777,Damiano,Gregorace,Male,1995,Geo,45.295075,130.969333
778,Rozina,Lyttle,Female,2007,Ford,49.2725714,-123.1207968
779,Kingston,Daugherty,Male,2005,Pontiac,53.0803781,85.6747154
780,Efrem,Scotson,Male,2010,Honda,40.7655059,-8.5555429
781,Ted,Emblin,Male,2000,Ford,33.85,44.233333
782,Zelma,Petken,Agender,2008,Chevrolet,44.1264683,40.810896
783,Alleen,Doswell,Female,1991,Buick,48.0999989,-66.0999999
784,Richmond,Milbourn,Male,1998,Cadillac,62.6768899,10.0742726
785,Wini,Muselli,Bigender,2009,Nissan,56.5514786,36.4347173
786,Chrisse,Denkel,Male,2003,Mercedes-Benz,50.98411,23.17194
787,Lamond,McJerrow,Male,1993,Toyota,7.4554641,4.5443923
788,Noe,Kidstone,Male,1998,Mitsubishi,22.0899425,104.7695962
789,Monro,Bartlomieczak,Male,2011,Ford,25.917098,69.104948
790,Kari,Haughey,Female,2001,Ford,-2.6896767,141.2998457
791,Irene,Ruxton,Female,1996,GMC,38.8055168,-104.4956239
792,Cord,Hurlston,Bigender,2011,GMC,-12.2001475,44.4665485
793,Cal,Orwin,Male,2003,Jaguar,35.818632,111.285799
794,Darill,Butchart,Male,2008,Dodge,31.298974,120.585289
795,Ty,Bulfield,Male,2011,GMC,50.3448824,15.3606459
796,Jo-ann,Elia,Female,2007,Honda,50.9077,34.7981
797,Yorker,Dufaire,Male,2012,Mazda,-6.4510633,107.4676861
798,Jasmine,Skottle,Female,2011,Kia,-27.8157141,-50.3263964
799,Ofella,Feldbrin,Female,2006,Hyundai,10.37418,11.69541
800,Josee,Bleackly,Female,2009,Ford,12.252426,109.095697
801,Jackson,Kitter,Non-binary,2004,Honda,59.8879013,10.802721
802,Cornall,Kobisch,Male,2005,Acura,56.290878,26.721958
803,Blayne,Da Costa,Male,2005,Ford,54.7180477,18.4086339
804,Sada,Oherlihy,Agender,2011,Nissan,14.6527027,121.0271174
805,Blair,Paynter,Male,2008,Honda,22.517585,113.39277
806,Ty,Batrip,Male,1995,Acura,33.9930471,-118.153228
807,Emmet,Stotherfield,Male,2010,Volvo,7.5866041,0.6085749
808,Ulrick,Hatcher,Male,2004,Nissan,47.9560267,39.7419209
809,Robb,Guidini,Male,2008,Lexus,50.1157078,8.6591469
810,Idette,Johnes,Female,2008,Mercury,13.0748,123.703
811,Tiffy,Sagg,Non-binary,2009,Ford,44.4959884,19.2677519
812,Nevil,Rex,Male,2004,Lamborghini,5.6460924,-75.3178952
813,Prince,Farnham,Male,2003,Lamborghini,40.7338864,22.1375317
814,Kaja,Tacey,Female,2002,Pontiac,38.153853,114.152004
815,Christophe,Rollinshaw,Male,2008,Toyota,53.10014,-111.76844
816,Nowell,Lockery,Male,2004,Nissan,8.5085685,124.588657
817,Kelwin,Ashbridge,Male,1992,Mitsubishi,37.9578061,22.8039689
818,Bailie,Pass,Male,2010,Mercury,54.0691945,45.0923988
819,Francklyn,Kirckman,Male,2000,Audi,40.417902,122.660538
820,Millisent,Forshaw,Female,1995,Suzuki,31.607383,35.03913
821,Zola,O'Keaveny,Bigender,1997,Cadillac,49.7937517,25.3739849
822,Marigold,Collumbell,Genderfluid,2008,Ford,-3.5508343,128.6320086
823,Jacquelyn,Rude,Female,2010,Aston Martin,-18.7679039,46.0515529
824,Carina,Checchi,Female,2002,Chevrolet,37.6254329,69.636351
825,Orran,Mannin,Male,1989,Subaru,49.8856487,22.1027541
826,Sada,Trout,Female,1993,Dodge,37.9984095,140.6381624
827,Hans,Bellocht,Male,1996,BMW,-3.0029841,115.9467997
828,Valentina,Fautly,Female,2001,Chrysler,7.8806888,-67.4695307
829,Jammie,Towne,Female,1992,GMC,9.039263,-75.790511
830,Harmonia,Gaunter,Genderqueer,2005,MINI,48.8466523,2.2582125
831,Chiquita,Litchfield,Female,1999,Porsche,49.5767154,18.7645942
832,Emalee,Budcock,Female,2011,Buick,58.610989,24.5034541
833,Vilhelmina,Gorey,Female,2006,Suzuki,47.35,103.4166669
834,Nikolas,Cottill,Male,2000,Cadillac,25.671402,104.260115
835,Pru,Noice,Female,1992,Pontiac,32.910459,119.85254
836,Cicily,Brinkman,Female,2010,Porsche,52.746302,14.7015401
837,Omar,Buscombe,Male,2009,Maserati,28.15041,115.667833
838,Kristina,Lennox,Bigender,2012,Volkswagen,24.326292,109.428608
839,Geri,Brisset,Female,1988,Pontiac,16.8449454,120.8719556
840,Florance,Game,Female,1965,Pontiac,-25.2952784,-54.0932225
841,Stepha,Sampey,Female,1993,Chevrolet,49.8811735,20.0890793
842,Franklyn,Roddan,Male,2007,Maybach,50.0326661,19.3272642
843,Pauly,Rhubottom,Male,1997,Dodge,-7.8887727,-37.1171012
844,Barbabas,Pennells,Male,1999,Chevrolet,-7.2299572,-39.4122984
845,Allyn,Leel,Female,1996,Mazda,22.6594661,105.9641124
846,Northrup,Ubach,Male,2002,Mitsubishi,50.5848682,15.4126394
847,Ali,Tarbert,Female,1998,Chrysler,14.8561068,120.9396927
848,Ambrosi,Sutterfield,Male,1992,Mercury,39.959953,116.298326
849,Noach,Greaves,Male,1997,GMC,12.3522003,121.0634413
850,Jacky,Scoggins,Male,2012,Kia,40.6379848,44.2249621
851,Patrizia,Ferrini,Female,1998,Pontiac,49.666675,19.2774975
852,Hillyer,Van der Brugge,Male,2012,Nissan,38.1087967,21.7838411
853,Creight,Beilby,Male,2010,MINI,24.3520171,116.6930225
854,Sabrina,Dulson,Female,2006,Acura,-7.2248,108.2027
855,Riccardo,Lammers,Male,1995,Jeep,31.068734,119.569305
856,Edwina,Faiers,Female,2006,Chrysler,39.3688081,-9.3284939
857,Reuben,Nerney,Male,2009,Mercedes-Benz,19.3803931,-99.1476908
858,Boniface,Jentgens,Male,1996,Chevrolet,31.3106446,120.6256806
859,Crissy,Nanni,Female,2007,Nissan,9.939624,126.065213
860,Mathew,Etoile,Male,2009,Nissan,22.5505556,114.4913889
861,Fredrika,Crocken,Female,2013,Hyundai,-8.0725066,-39.1268089
862,Wood,Ajsik,Male,2005,Ford,34.9563216,33.4271403
863,Delia,Sivorn,Female,2007,Lotus,22.719816,113.829156
864,Aile,Gayle,Female,1992,Chevrolet,-26.5044407,-61.1763962
865,Ludvig,Durrad,Male,1992,Saab,26.082873,103.187824
866,Rosana,Doram,Female,1999,Suzuki,40.4501529,-7.9700042
867,Abie,Antonov,Male,2005,Subaru,19.3851705,-99.1837453
868,Ely,Clowton,Male,1996,Toyota,-27.2000865,-54.9815915
869,May,Trevains,Female,1984,Ford,40.834681,113.774004
870,Arron,Jonczyk,Male,2011,Mercedes-Benz,44.26667,122.4
871,Kath,Tipple,Female,2006,GMC,49.7709142,18.8445446
872,Jacintha,Matejovsky,Female,1999,Acura,45.902561,115.358704
873,Shannan,Bunner,Male,2001,Pontiac,16.1169002,102.7020218
874,Deena,Crews,Female,1987,Pontiac,14.7909118,42.9708838
875,Leicester,Pergens,Male,2010,Dodge,45.1150317,15.5854843
876,Timmy,Caselick,Female,1993,Suzuki,-0.8808728,100.5858786
877,Farly,Klainman,Male,2002,Buick,38.6226736,23.2352639
878,Theodor,Gerner,Non-binary,2002,Subaru,55.0850836,21.845626
879,Grady,Cordelle,Male,2003,Chevrolet,63.4741556,30.0475103
880,Elfie,Haslock(e),Female,2010,Nissan,-3.7924795,-39.2698136
881,Sheffield,Allnutt,Agender,2010,Chevrolet,59.79769,30.5550816
882,Alair,Garton,Male,2010,Hyundai,-6.9757055,111.8270486
883,Pandora,Giacopelo,Female,2010,Chevrolet,52.8669497,24.8920219
884,Melba,Zimmermanns,Genderqueer,2001,Saturn,54.4168102,27.2930165
885,Ervin,Barhams,Male,2008,GMC,16.2850333,95.6799816
886,Gerrard,Keay,Male,2004,Jaguar,-7.666671,111.8359916
887,Kimberli,Allsobrook,Female,1998,Honda,-36.9060236,174.8893277
888,Marco,Pulman,Male,2007,Audi,53.16972,83.21333
889,Ilise,Jennery,Female,1992,Oldsmobile,14.0228518,100.2151578
890,Darryl,Riley,Female,1996,Honda,9.5259166,45.5346307
891,Muffin,Gutcher,Male,1998,GMC,41.236675,69.3413913
892,Siward,Soles,Male,1998,Suzuki,59.2524333,18.0761199
893,Bernie,Medgwick,Male,1990,Ford,37.715193,112.47794
894,Zorah,Dow,Female,1996,Chevrolet,52.1155638,16.3514938
895,Dilly,Durram,Male,1992,Buick,-6.4185424,106.8502879
896,Berkie,Lahy,Male,2009,Chevrolet,-3.3226005,119.8245506
897,Buffy,Elderbrant,Female,2004,Ford,35.8496818,139.8969749
898,Deb,Schoolfield,Female,1994,Audi,-7.7469239,110.3729973
899,Richard,Leeuwerink,Male,1997,Chevrolet,46.0466966,-71.0768076
900,Monro,Loeber,Male,1995,Honda,-14.4974525,-42.2236477
901,Barbey,Habbert,Female,1994,Buick,9.5700231,123.312382
902,Mignonne,Burtwell,Female,2003,Dodge,53.0131368,25.3425332
903,Egor,Faichnie,Male,2003,Honda,37.9253691,23.7006539
904,Noble,Yateman,Male,1995,Chevrolet,57.6959194,11.8724097
905,Mick,McKenzie,Male,1985,Pontiac,44.2327226,20.9791382
906,Fredrick,Riediger,Bigender,2000,Oldsmobile,35.6803,51.0193
907,Caldwell,Butrimovich,Male,1998,Ford,59.6715102,12.6108644
908,Peg,Faber,Genderqueer,2013,Toyota,47.3591366,2.8002946
909,Clemente,Hawlgarth,Male,1992,Acura,38.8208757,-9.1030431
910,Maxy,Atyea,Male,2002,Land Rover,59.3673245,17.8425299
911,Salomone,Pipping,Genderqueer,2010,Chevrolet,3.8480325,11.5020752
912,Xerxes,Harlock,Male,1992,Ford,25.852003,98.8529872
913,Thomasa,Maciaszczyk,Female,2011,Toyota,21.0362368,105.7905825
914,Lurleen,Diament,Female,1993,Land Rover,42.095742,19.909723
915,Alasteir,Fearney,Male,2006,Maybach,25.4765601,-108.0887656
916,Albert,Kyffin,Male,1999,GMC,41.76,-72.69
917,Keen,Ganley,Male,2000,Lincoln,40.1465349,117.1112743
918,Chan,Brodest,Male,1994,Acura,29.276391,109.709717
919,Mary,Verbruggen,Female,2006,Mitsubishi,57.7577156,16.6369759
920,Tory,Sharplin,Female,2007,Hyundai,24.625561,118.431541
921,Dehlia,Macallam,Female,2001,Daewoo,29.866818,121.570383
922,Adler,Dommerque,Male,1992,Acura,31.857198,112.180321
923,Row,Chalmers,Female,1998,Dodge,-8.5068536,115.2624778
924,Cathlene,Brauner,Female,1996,Lincoln,38.779525,70.0979491
925,Timotheus,Rosenfield,Male,2009,Lexus,54.8395772,37.6258923
926,Giselle,Ferrieri,Female,1990,Porsche,49.4931107,36.8206064
927,Annelise,Gauge,Female,1997,Mitsubishi,41.5776315,-6.2216678
928,Nissa,Harland,Female,2005,GMC,15.04538,120.671684
929,Noble,Lawlor,Male,2007,Volkswagen,53.918411,19.7442821
930,Kliment,Cranshaw,Male,2006,Ford,28.9301227,99.8001946
931,Quentin,Gorrissen,Male,1995,Saab,41.93167,21.01333
932,Julita,Macari,Female,2005,Mazda,-25.8520478,25.6065929
933,Stella,Laverty,Female,2007,Land Rover,11.5294306,122.0953896
934,Torrence,Lewer,Male,2005,Cadillac,-8.5873,122.5971
935,Launce,Cradock,Male,1999,Plymouth,44.6111646,19.3208433
936,Jorie,Palombi,Female,2004,Mercedes-Benz,-34.3048508,-58.7739249
937,Debor,Mauger,Female,1994,Dodge,31.031618,113.698728
938,Mae,Burree,Female,1987,Suzuki,50.81667,27.03333
939,Maurits,Davies,Male,1996,Ford,-6.4054875,107.7458559
940,Iver,Coldridge,Male,2011,Nissan,55.874056,37.690366
941,Barbabas,Dilleston,Male,1998,Mercedes-Benz,-8.0934,111.9629
942,Salomi,Robertacci,Genderfluid,2000,Chevrolet,39.4680636,-8.0455725
943,Gloria,Biesterfeld,Female,2011,BMW,12.6107413,122.2756648
944,Neile,Petto,Female,2003,Lexus,27.976295,104.319304
945,Krista,Waltering,Female,2011,BMW,8.1402266,-5.0963141
946,Margarette,Lumpkin,Genderfluid,2002,GMC,49.902219,20.636949
947,Nikolaus,Vinas,Male,1995,Pontiac,44.351935,-87.8445954
948,Maisey,Shaxby,Female,2010,Jeep,17.5767798,104.5946633
949,Linzy,Puller,Female,2000,Ford,37.6583599,126.8320201
950,Smith,Vine,Male,2010,Porsche,33.4614354,9.0294708
951,Charla,Twohig,Female,2007,Lexus,47.6676533,17.6300988
952,Adrian,Aronovich,Male,2005,Land Rover,52.1683391,18.553654
953,Marthena,Kuschel,Female,1992,Cadillac,41.302157,123.7403542
954,Norene,Vockings,Female,1992,Mercedes-Benz,22.879493,116.061522
955,Monique,Hinzer,Female,1993,Dodge,14.5699334,121.0204582
956,Glennis,Swalteridge,Female,1980,Honda,31.132093,33.8032762
957,Simmonds,Annand,Male,2008,Jeep,-8.1611036,113.6770012
958,Putnem,Harryman,Male,2000,Jaguar,39.3881052,49.2413743
959,Fernandina,Vennings,Female,2012,Cadillac,51.6813704,7.9085254
960,Brendon,Golagley,Male,2002,Saturn,34.6911,106.221144
961,Jessalyn,Hastings,Female,1992,Dodge,34.570012,38.2921653
962,Chariot,O'Lennachain,Genderfluid,1999,Kia,41.7748554,-88.1480775
963,Taddeusz,Knapp,Male,2012,Tesla,57.2567489,58.7326317
964,Tiphani,Grain,Female,1999,Chevrolet,47.585569,18.3979984
965,Nap,Walkley,Male,1997,Volkswagen,-34.7318914,-58.6341359
966,Joete,Kitto,Female,1998,Toyota,33.2680092,134.1641616
967,Clare,Jorn,Female,1992,Dodge,42.930418,1.7243511
968,Crystal,Le Franc,Female,1996,Toyota,40.0254,64.82885
969,Shawna,Marquez,Female,2002,Maserati,-25.7691769,-49.718244
970,Marijo,Minogue,Female,1983,Porsche,9.939624,126.065213
971,Conway,Ornells,Male,1991,Lexus,37.9984095,140.6381624
972,Charmain,Basketfield,Female,2008,Volvo,0.7193581,32.531617
973,Giulio,Horstead,Male,2012,Audi,39.4598833,48.5509813
974,Ingemar,Smitten,Male,1991,Mitsubishi,15.1248652,120.6428123
975,Valaree,Hasted,Female,1957,Chevrolet,45.6429121,29.3753657
976,Morna,Kingcott,Female,1994,Chevrolet,42.54688,72.20921
977,Dov,Ghirardi,Male,2010,Jaguar,59.3887625,30.2867644
978,Cloris,Mackinder,Female,2010,Saab,38.8190181,-9.3945817
979,Ozzy,McGreil,Male,1969,Pontiac,50.75425,86.13414
980,Asher,Eminson,Male,1992,Buick,33.437877,113.609286
981,Mariele,McKay,Non-binary,2010,Cadillac,-6.9748882,112.4082849
982,Hedy,Rosa,Female,1989,Lotus,30.72265,109.787541
983,Dawna,Jochanany,Female,1996,Mazda,38.6031664,-9.0785922
984,Ilario,Micah,Male,2002,Chevrolet,40.5067525,47.6489641
985,Jacinda,Laverick,Female,1990,Pontiac,10.4818973,124.0211737
986,Kelci,Cutbirth,Female,1994,Eagle,43.1598675,-0.8926089
987,Shermy,Styant,Male,1992,Nissan,34.21422,69.10026
988,Jodee,Fresson,Female,2004,Infiniti,15.8171073,106.2522143
989,Denise,Whordley,Female,2010,Infiniti,15.7290855,120.6271711
990,Web,Le Sieur,Male,2008,Isuzu,57.5394675,28.0121149
991,Walther,Blezard,Male,1999,Toyota,47.9956173,0.1924459
992,Julianna,Letts,Female,2006,Suzuki,24.412155,115.744112
993,Berny,Ksandra,Female,2008,Volkswagen,-8.3893,115.2605
994,Lucian,Chatto,Agender,1996,Acura,48.3694747,34.4573326
995,Friedrick,Greenard,Male,1997,Dodge,27.894504,102.264449
996,Shalom,Rosi,Male,2010,Ford,-19.6189005,-44.0404979
997,Agosto,Huckster,Agender,2006,Toyota,17.292049,96.5756695
998,Hermon,Dakhno,Male,1986,Mercedes-Benz,-20.103416,57.5391225
999,Sebastian,Vaadeland,Male,1995,Mercedes-Benz,-3.5098478,-44.7381432
1000,Tonya,Pigford,Polygender,1994,Honda,-15.4524821,-47.6093177
